"日付け","終値","始値","高値","安値","出来高","前日比%"
"2020年07月28日","10,925.5","11,063.5","11,063.5","10,925.5","-","-1.25%"
"2020年07月27日","11,064.0","9,940.5","11,064.0","9,940.5","-","11.31%"
"2020年07月26日","9,940.0","9,712.0","9,940.0","9,712.0","-","2.34%"
"2020年07月25日","9,712.5","9,549.0","9,712.5","9,549.0","-","1.71%"
"2020年07月24日","9,549.0","9,611.5","9,611.5","9,549.0","-","-0.65%"
"2020年07月23日","9,611.5","9,537.5","9,611.5","9,537.5","-","0.78%"
"2020年07月22日","9,537.5","9,393.0","9,537.5","9,328.5","-","1.54%"
"2020年07月21日","9,393.0","9,160.0","9,393.0","9,160.0","-","2.54%"
"2020年07月20日","9,160.0","9,219.0","9,219.0","9,160.0","-","-0.64%"
"2020年07月19日","9,219.0","9,172.5","9,219.0","9,172.5","-","0.51%"
"2020年07月18日","9,172.5","9,154.0","9,172.5","9,154.0","-","0.20%"
"2020年07月17日","9,154.0","9,130.5","9,154.0","9,130.5","-","0.26%"
"2020年07月16日","9,130.5","9,188.0","9,188.0","9,130.5","-","-0.62%"
"2020年07月15日","9,187.5","9,256.5","9,256.5","9,187.5","-","-0.75%"
"2020年07月14日","9,256.5","9,230.0","9,256.5","9,179.5","-","0.29%"
"2020年07月13日","9,230.0","9,305.0","9,350.0","9,230.0","-","-0.81%"
"2020年07月12日","9,305.5","9,232.0","9,305.5","9,232.0","-","0.80%"
"2020年07月11日","9,232.0","9,290.5","9,290.5","9,232.0","-","-0.63%"
"2020年07月10日","9,290.5","9,235.5","9,290.5","9,235.5","-","0.60%"
"2020年07月09日","9,235.5","9,443.0","9,443.0","9,235.5","-","-2.20%"
"2020年07月08日","9,443.0","9,251.0","9,443.0","9,251.0","-","2.08%"
"2020年07月07日","9,251.0","9,348.0","9,348.0","9,251.0","-","-1.04%"
"2020年07月06日","9,348.0","9,078.0","9,348.0","9,078.0","-","2.96%"
"2020年07月05日","9,079.5","9,142.0","9,143.0","8,971.0","-","-0.68%"
"2020年07月04日","9,142.0","9,055.5","9,196.5","9,039.5","-","0.96%"
"2020年07月03日","9,055.0","9,084.5","9,122.0","9,021.0","-","-0.32%"
"2020年07月02日","9,084.5","9,234.5","9,259.0","8,932.0","-","-1.62%"
"2020年07月01日","9,234.5","9,132.5","9,296.5","9,086.5","-","1.12%"
"2020年06月30日","9,132.5","9,188.0","9,198.0","9,040.0","-","-0.60%"
"2020年06月29日","9,188.0","9,114.5","9,234.5","9,013.0","-","0.80%"
"2020年06月28日","9,115.0","8,997.5","9,185.0","8,928.0","-","1.31%"
"2020年06月27日","8,997.0","9,148.5","9,186.0","8,828.0","-","-1.66%"
"2020年06月26日","9,148.5","9,240.0","9,286.0","9,025.0","-","-1.00%"
"2020年06月25日","9,240.5","9,287.0","9,336.5","8,981.5","-","-0.52%"
"2020年06月24日","9,289.0","9,624.0","9,668.5","9,200.0","-","-3.48%"
"2020年06月23日","9,624.0","9,692.0","9,724.5","9,582.5","-","-0.71%"
"2020年06月22日","9,692.5","9,286.5","9,794.5","9,272.0","-","4.37%"
"2020年06月21日","9,287.0","9,358.5","9,424.5","9,272.0","-","-0.77%"
"2020年06月20日","9,359.0","9,296.5","9,399.0","9,148.5","-","0.67%"
"2020年06月19日","9,296.5","9,374.0","9,448.0","9,226.0","-","-0.83%"
"2020年06月18日","9,374.0","9,452.0","9,490.0","9,268.5","-","-0.83%"
"2020年06月17日","9,452.0","9,522.5","9,575.5","9,231.0","-","-0.74%"
"2020年06月16日","9,522.5","9,426.0","9,599.0","9,387.0","-","1.02%"
"2020年06月15日","9,426.0","9,327.0","9,520.5","8,892.5","-","1.06%"
"2020年06月14日","9,327.0","9,476.0","9,483.0","9,233.5","-","-1.58%"
"2020年06月13日","9,476.5","9,459.5","9,500.0","9,330.5","-","0.18%"
"2020年06月12日","9,459.5","9,259.0","9,547.0","9,222.5","-","2.17%"
"2020年06月11日","9,259.0","9,894.0","10,044.0","9,035.5","-","-6.42%"
"2020年06月10日","9,894.0","9,784.0","10,180.0","9,607.0","-","1.12%"
"2020年06月09日","9,784.0","9,793.0","9,899.0","9,524.5","-","-0.09%"
"2020年06月08日","9,793.0","9,760.5","9,824.0","9,650.5","-","0.33%"
"2020年06月07日","9,760.5","9,668.5","9,837.0","9,360.0","-","0.95%"
"2020年06月06日","9,668.5","9,610.5","9,750.0","9,527.0","-","0.58%"
"2020年06月05日","9,612.5","9,799.0","9,860.0","9,577.0","-","-1.90%"
"2020年06月04日","9,798.5","9,668.0","9,897.0","9,419.0","-","1.35%"
"2020年06月03日","9,668.0","9,520.0","9,695.0","9,387.5","-","1.54%"
"2020年06月02日","9,521.0","10,250.5","10,272.5","8,626.0","-","-7.11%"
"2020年06月01日","10,250.0","9,445.5","10,465.5","9,420.0","-","8.52%"
"2020年05月31日","9,445.0","9,702.0","9,707.0","9,390.0","-","-2.65%"
"2020年05月30日","9,702.0","9,427.5","9,764.0","9,324.5","-","2.91%"
"2020年05月29日","9,427.5","9,582.5","9,610.0","9,330.5","-","-1.62%"
"2020年05月28日","9,583.0","9,205.0","9,628.0","9,106.0","-","4.11%"
"2020年05月27日","9,205.0","8,838.5","9,229.5","8,811.5","-","4.15%"
"2020年05月26日","8,838.5","8,893.5","9,014.5","8,686.0","-","-0.61%"
"2020年05月25日","8,893.0","8,705.5","8,978.0","8,620.0","-","2.14%"
"2020年05月24日","8,707.0","9,168.5","9,305.5","8,670.0","-","-5.03%"
"2020年05月23日","9,168.5","9,159.5","9,309.5","9,079.5","-","0.10%"
"2020年05月22日","9,159.0","9,059.0","9,264.0","8,926.0","-","1.10%"
"2020年05月21日","9,059.0","9,505.0","9,567.0","8,800.0","-","-4.69%"
"2020年05月20日","9,505.0","9,786.5","9,849.5","9,280.0","-","-2.88%"
"2020年05月19日","9,786.5","9,727.0","9,910.0","9,420.0","-","0.62%"
"2020年05月18日","9,726.0","9,677.0","9,977.0","9,300.5","-","0.51%"
"2020年05月17日","9,677.0","9,384.0","9,909.5","9,335.0","-","3.12%"
"2020年05月16日","9,384.5","9,315.5","9,593.0","9,221.0","-","0.74%"
"2020年05月15日","9,315.5","9,801.5","9,856.5","9,102.0","-","-4.96%"
"2020年05月14日","9,801.5","9,314.5","9,962.0","9,260.0","-","5.22%"
"2020年05月13日","9,315.0","8,822.5","9,414.0","8,803.5","-","5.58%"
"2020年05月12日","8,822.5","8,565.5","8,979.0","8,529.0","-","3.00%"
"2020年05月11日","8,565.5","8,727.5","9,161.5","8,160.5","-","-1.87%"
"2020年05月10日","8,728.5","9,537.5","9,570.0","8,103.5","-","-8.48%"
"2020年05月09日","9,537.5","9,806.5","9,913.0","9,511.0","-","-2.75%"
"2020年05月08日","9,807.0","10,010.0","10,050.0","9,728.5","-","-2.02%"
"2020年05月07日","10,009.5","9,153.5","10,084.5","9,015.0","-","9.33%"
"2020年05月06日","9,155.0","9,025.0","9,421.5","8,920.0","-","1.43%"
"2020年05月05日","9,025.5","8,886.5","9,122.0","8,765.0","-","1.58%"
"2020年05月04日","8,885.0","8,907.0","8,970.0","8,527.5","-","-0.25%"
"2020年05月03日","8,907.5","8,980.5","9,200.0","8,724.5","-","-0.81%"
"2020年05月02日","8,980.0","8,830.0","9,020.0","8,755.5","-","1.68%"
"2020年05月01日","8,832.0","8,627.5","9,064.5","8,622.5","-","2.31%"
"2020年04月30日","8,633.0","8,793.5","9,481.0","8,407.5","-","-1.83%"
"2020年04月29日","8,794.0","7,751.5","8,974.0","7,710.5","-","13.41%"
"2020年04月28日","7,754.5","7,789.5","7,795.5","7,654.0","-","-0.43%"
"2020年04月27日","7,788.0","7,703.0","7,833.0","7,629.5","-","1.11%"
"2020年04月26日","7,702.5","7,540.0","7,719.5","7,451.0","-","2.13%"
"2020年04月25日","7,542.0","7,503.5","7,745.0","7,432.0","-","0.51%"
"2020年04月24日","7,503.5","7,492.0","7,610.0","7,380.5","-","0.15%"
"2020年04月23日","7,492.5","7,134.0","7,800.0","7,030.0","-","5.03%"
"2020年04月22日","7,133.5","6,848.5","7,183.0","6,822.5","-","4.15%"
"2020年04月21日","6,849.0","6,833.0","6,955.5","6,765.0","-","0.20%"
"2020年04月20日","6,835.0","7,125.0","7,234.0","6,753.5","-","-4.08%"
"2020年04月19日","7,125.5","7,256.5","7,274.0","7,055.5","-","-1.80%"
"2020年04月18日","7,256.0","7,025.0","7,305.0","7,010.5","-","3.29%"
"2020年04月17日","7,025.0","7,106.5","7,156.5","6,991.0","-","-1.14%"
"2020年04月16日","7,106.0","6,614.5","7,243.0","6,463.5","-","7.41%"
"2020年04月15日","6,615.5","6,865.5","6,940.0","6,601.5","-","-3.68%"
"2020年04月14日","6,868.0","6,853.5","6,985.5","6,766.0","-","0.22%"
"2020年04月13日","6,853.0","6,905.5","6,926.0","6,540.5","-","-0.77%"
"2020年04月12日","6,906.0","6,884.5","7,197.0","6,780.5","-","0.31%"
"2020年04月11日","6,885.0","6,869.0","6,950.0","6,766.0","-","0.24%"
"2020年04月10日","6,868.5","7,287.0","7,298.5","6,754.0","-","-5.78%"
"2020年04月09日","7,289.5","7,362.5","7,373.0","7,089.0","-","-1.00%"
"2020年04月08日","7,363.0","7,193.0","7,430.0","7,152.0","-","2.36%"
"2020年04月07日","7,193.5","7,338.0","7,475.5","7,076.0","-","-1.96%"
"2020年04月06日","7,337.0","6,775.5","7,391.5","6,766.0","-","8.30%"
"2020年04月05日","6,775.0","6,875.5","6,917.0","6,662.5","-","-1.45%"
"2020年04月04日","6,875.0","6,738.0","7,097.0","6,649.0","-","2.04%"
"2020年04月03日","6,737.5","6,796.0","7,049.5","6,600.0","-","-0.85%"
"2020年04月02日","6,795.5","6,674.5","7,290.0","6,576.5","-","1.86%"
"2020年04月01日","6,671.5","6,425.0","6,721.0","6,143.0","-","3.83%"
"2020年03月31日","6,425.5","6,408.0","6,524.5","6,330.5","-","0.29%"
"2020年03月30日","6,407.0","5,869.0","6,639.5","5,848.0","-","9.18%"
"2020年03月29日","5,868.5","6,250.0","6,277.0","5,860.5","-","-6.13%"
"2020年03月28日","6,251.5","6,363.5","6,363.5","6,032.0","-","-1.77%"
"2020年03月27日","6,364.0","6,761.0","6,875.0","6,256.5","-","-5.86%"
"2020年03月26日","6,760.5","6,685.5","6,793.5","6,499.5","-","1.13%"
"2020年03月25日","6,685.0","6,764.5","6,980.5","6,457.5","-","-1.18%"
"2020年03月24日","6,765.0","6,486.0","6,865.0","6,401.0","-","4.21%"
"2020年03月23日","6,491.5","5,820.5","6,639.0","5,687.0","-","11.52%"
"2020年03月22日","5,821.0","6,192.0","6,422.5","5,745.5","-","-6.00%"
"2020年03月21日","6,192.5","6,204.0","6,445.0","5,861.0","-","-0.18%"
"2020年03月20日","6,203.5","6,185.5","6,940.0","5,655.0","-","0.30%"
"2020年03月19日","6,185.0","5,409.5","6,458.0","5,260.0","-","14.35%"
"2020年03月18日","5,409.0","5,327.0","5,455.0","5,004.5","-","1.55%"
"2020年03月17日","5,326.5","5,037.0","5,565.0","4,930.5","-","5.76%"
"2020年03月16日","5,036.5","5,338.5","5,347.5","4,397.0","-","-5.74%"
"2020年03月15日","5,343.0","5,160.5","5,966.0","5,088.0","-","3.55%"
"2020年03月14日","5,160.0","5,571.5","5,650.0","5,046.0","-","-7.44%"
"2020年03月13日","5,575.0","4,346.0","5,868.0","3,596.5","-","28.35%"
"2020年03月12日","4,343.5","7,938.5","7,967.0","4,330.0","-","-45.29%"
"2020年03月11日","7,939.0","7,889.5","7,985.0","7,593.0","-","0.63%"
"2020年03月10日","7,889.5","7,928.5","8,150.0","7,723.0","-","-0.49%"
"2020年03月09日","7,928.0","8,038.5","8,182.0","7,639.0","-","-1.37%"
"2020年03月08日","8,038.0","8,899.5","8,900.0","8,002.0","-","-9.69%"
"2020年03月07日","8,900.0","9,158.5","9,223.5","8,856.5","-","-2.83%"
"2020年03月06日","9,159.0","9,071.0","9,180.0","9,001.0","-","0.98%"
"2020年03月05日","9,070.5","8,756.0","9,171.0","8,756.0","-","3.59%"
"2020年03月04日","8,756.5","8,757.0","8,849.0","8,665.0","-","-0.01%"
"2020年03月03日","8,757.5","8,918.5","8,930.0","8,660.0","-","-1.81%"
"2020年03月02日","8,918.5","8,532.5","8,967.0","8,490.5","-","4.49%"
"2020年03月01日","8,535.5","8,531.5","8,768.0","8,400.0","-","0.04%"
"2020年02月29日","8,532.0","8,718.0","8,806.5","8,525.5","-","-2.13%"
"2020年02月28日","8,717.5","8,820.0","8,902.5","8,438.0","-","-1.13%"
"2020年02月27日","8,817.5","8,780.0","8,969.0","8,523.5","-","0.43%"
"2020年02月26日","8,780.0","9,316.5","9,368.0","8,580.5","-","-5.76%"
"2020年02月25日","9,317.0","9,660.0","9,696.0","9,239.0","-","-3.56%"
"2020年02月24日","9,660.5","9,966.0","10,036.0","9,480.5","-","-3.07%"
"2020年02月23日","9,966.0","9,675.0","10,037.0","9,674.5","-","3.00%"
"2020年02月22日","9,675.5","9,693.5","9,718.5","9,563.5","-","-0.19%"
"2020年02月21日","9,694.0","9,608.0","9,786.0","9,506.5","-","0.90%"
"2020年02月20日","9,607.5","9,596.5","9,688.0","9,380.0","-","0.11%"
"2020年02月19日","9,596.5","10,200.5","10,325.0","9,270.5","-","-5.88%"
"2020年02月18日","10,195.5","9,715.0","10,299.5","9,621.5","-","4.95%"
"2020年02月17日","9,714.5","9,934.0","9,970.0","9,485.0","-","-2.21%"
"2020年02月16日","9,934.5","9,907.0","10,049.0","9,642.0","-","0.28%"
"2020年02月15日","9,906.5","10,369.5","10,402.5","9,738.0","-","-4.46%"
"2020年02月14日","10,369.0","10,241.5","10,392.5","10,119.0","-","1.25%"
"2020年02月13日","10,241.0","10,363.0","10,549.5","10,075.0","-","-1.18%"
"2020年02月12日","10,363.5","10,286.5","10,500.0","10,257.5","-","0.75%"
"2020年02月11日","10,286.0","9,862.0","10,400.0","9,725.0","-","4.29%"
"2020年02月10日","9,862.5","10,172.5","10,199.0","9,718.5","-","-3.05%"
"2020年02月09日","10,172.5","9,908.0","10,185.5","9,899.0","-","2.67%"
"2020年02月08日","9,908.0","9,815.0","9,957.5","9,665.5","-","0.95%"
"2020年02月07日","9,815.0","9,764.0","9,890.0","9,714.5","-","0.53%"
"2020年02月06日","9,763.0","9,631.5","9,869.0","9,534.5","-","1.38%"
"2020年02月05日","9,630.0","9,166.5","9,779.0","9,157.0","-","5.06%"
"2020年02月04日","9,166.0","9,282.0","9,348.0","9,080.0","-","-1.25%"
"2020年02月03日","9,282.0","9,324.5","9,614.5","9,220.0","-","-0.46%"
"2020年02月02日","9,325.0","9,382.0","9,483.5","9,113.5","-","-0.61%"
"2020年02月01日","9,382.5","9,343.5","9,464.0","9,287.5","-","0.46%"
"2020年01月31日","9,339.5","9,510.0","9,528.0","9,205.0","-","-1.79%"
"2020年01月30日","9,510.0","9,294.5","9,579.0","9,054.0","-","2.32%"
"2020年01月29日","9,294.5","9,400.0","9,440.0","9,235.0","-","-1.20%"
"2020年01月28日","9,407.0","8,900.0","9,433.5","8,888.0","-","5.70%"
"2020年01月27日","8,899.5","8,599.5","8,994.5","8,566.5","-","3.51%"
"2020年01月26日","8,597.5","8,325.0","8,599.5","8,286.0","-","3.26%"
"2020年01月25日","8,326.0","8,425.0","8,427.5","8,251.0","-","-1.18%"
"2020年01月24日","8,425.5","8,392.5","8,514.5","8,225.0","-","0.40%"
"2020年01月23日","8,392.0","8,664.5","8,669.5","8,283.5","-","-3.15%"
"2020年01月22日","8,665.0","8,728.0","8,796.5","8,555.0","-","-0.72%"
"2020年01月21日","8,727.5","8,633.0","8,772.5","8,455.0","-","1.10%"
"2020年01月20日","8,632.5","8,701.0","8,739.0","8,516.0","-","-0.78%"
"2020年01月19日","8,700.5","8,916.0","9,190.0","8,433.0","-","-2.43%"
"2020年01月18日","8,917.0","8,901.0","8,984.0","8,810.0","-","0.19%"
"2020年01月17日","8,900.5","8,719.5","9,020.0","8,670.5","-","2.08%"
"2020年01月16日","8,719.0","8,816.5","8,854.0","8,586.0","-","-1.11%"
"2020年01月15日","8,817.0","8,835.5","8,916.5","8,578.0","-","-0.23%"
"2020年01月14日","8,837.0","8,105.5","8,900.0","8,105.5","-","9.04%"
"2020年01月13日","8,104.5","8,186.5","8,200.0","8,033.5","-","-1.01%"
"2020年01月12日","8,187.0","8,023.5","8,194.0","7,955.0","-","2.01%"
"2020年01月11日","8,025.5","8,204.0","8,295.0","8,006.5","-","-2.13%"
"2020年01月10日","8,200.5","7,808.0","8,200.5","7,682.0","-","4.99%"
"2020年01月09日","7,810.5","8,045.5","8,046.0","7,741.0","-","-2.93%"
"2020年01月08日","8,046.0","8,155.5","8,462.5","7,880.0","-","-1.35%"
"2020年01月07日","8,156.0","7,757.0","8,213.0","7,741.0","-","5.15%"
"2020年01月06日","7,756.5","7,351.0","7,798.0","7,341.5","-","5.52%"
"2020年01月05日","7,350.5","7,345.0","7,493.5","7,310.0","-","0.08%"
"2020年01月04日","7,344.5","7,335.0","7,399.0","7,258.5","-","0.13%"
"2020年01月03日","7,335.0","6,942.0","7,403.5","6,855.0","-","5.65%"
"2020年01月02日","6,942.5","7,178.5","7,183.0","6,905.5","-","-3.29%"
"2020年01月01日","7,179.0","7,162.5","7,234.5","7,153.0","-","0.22%"
"2019年12月31日","7,163.0","7,218.0","7,298.5","7,115.0","-","-0.77%"
"2019年12月30日","7,218.5","7,381.5","7,382.0","7,201.0","-","-2.21%"
"2019年12月29日","7,381.5","7,298.5","7,524.5","7,272.0","-","1.14%"
"2019年12月28日","7,298.0","7,242.5","7,347.0","7,231.0","-","0.77%"
"2019年12月27日","7,242.0","7,190.5","7,268.0","7,062.0","-","0.72%"
"2019年12月26日","7,190.0","7,194.0","7,436.0","7,142.0","-","-0.06%"
"2019年12月25日","7,194.5","7,249.5","7,260.5","7,113.0","-","-0.75%"
"2019年12月24日","7,249.0","7,311.5","7,416.5","7,155.5","-","-0.86%"
"2019年12月23日","7,312.0","7,509.5","7,690.5","7,264.0","-","-2.63%"
"2019年12月22日","7,509.5","7,140.5","7,534.0","7,122.0","-","5.18%"
"2019年12月21日","7,140.0","7,186.5","7,188.0","7,101.5","-","-0.65%"
"2019年12月20日","7,186.5","7,148.0","7,217.5","7,075.0","-","0.53%"
"2019年12月19日","7,148.5","7,288.0","7,369.0","7,038.5","-","-1.91%"
"2019年12月18日","7,287.5","6,611.5","7,486.0","6,418.0","-","10.22%"
"2019年12月17日","6,611.5","6,873.5","6,932.5","6,537.0","-","-3.80%"
"2019年12月16日","6,873.0","7,107.5","7,170.5","6,822.5","-","-3.30%"
"2019年12月15日","7,107.5","7,060.5","7,202.0","7,011.5","-","0.67%"
"2019年12月14日","7,060.5","7,241.5","7,263.5","7,000.5","-","-2.51%"
"2019年12月13日","7,242.0","7,186.5","7,300.0","7,182.0","-","0.77%"
"2019年12月12日","7,187.0","7,196.5","7,439.0","7,052.0","-","-0.13%"
"2019年12月11日","7,196.5","7,217.5","7,266.5","7,122.0","-","-0.30%"
"2019年12月10日","7,218.0","7,332.0","7,395.0","7,156.5","-","-1.56%"
"2019年12月09日","7,332.5","7,512.0","7,684.0","7,276.5","-","-2.40%"
"2019年12月08日","7,512.5","7,501.0","7,579.0","7,388.0","-","0.15%"
"2019年12月07日","7,501.5","7,539.0","7,630.0","7,479.0","-","-0.49%"
"2019年12月06日","7,538.5","7,391.0","7,636.0","7,297.0","-","1.99%"
"2019年12月05日","7,391.5","7,192.0","7,480.0","7,140.0","-","2.77%"
"2019年12月04日","7,192.5","7,295.0","7,791.5","7,084.0","-","-1.40%"
"2019年12月03日","7,294.5","7,300.5","7,415.5","7,237.5","-","-0.08%"
"2019年12月02日","7,300.5","7,399.0","7,421.0","7,160.0","-","-1.32%"
"2019年12月01日","7,398.5","7,550.0","7,550.0","7,231.5","-","-2.01%"
"2019年11月30日","7,550.0","7,748.5","7,820.0","7,450.0","-","-2.57%"
"2019年11月29日","7,749.0","7,424.5","7,870.0","7,412.0","-","4.37%"
"2019年11月28日","7,424.5","7,521.0","7,662.0","7,365.0","-","-1.34%"
"2019年11月27日","7,525.0","7,160.0","7,666.5","6,840.5","-","5.09%"
"2019年11月26日","7,160.5","7,121.0","7,350.5","7,012.5","-","0.51%"
"2019年11月25日","7,124.0","6,902.5","7,380.0","6,516.5","-","3.20%"
"2019年11月24日","6,903.0","7,322.5","7,346.0","6,859.5","-","-5.73%"
"2019年11月23日","7,322.5","7,275.5","7,348.5","7,101.0","-","0.65%"
"2019年11月22日","7,275.0","7,614.0","7,720.0","6,736.0","-","-4.45%"
"2019年11月21日","7,614.0","8,079.5","8,117.5","7,355.0","-","-5.77%"
"2019年11月20日","8,080.0","8,123.5","8,233.0","8,026.0","-","-0.53%"
"2019年11月19日","8,123.0","8,174.0","8,198.5","7,984.0","-","-0.62%"
"2019年11月18日","8,173.5","8,506.5","8,506.5","8,011.0","-","-3.91%"
"2019年11月17日","8,506.0","8,484.0","8,637.0","8,380.0","-","0.25%"
"2019年11月16日","8,484.5","8,455.5","8,530.0","8,421.0","-","0.34%"
"2019年11月15日","8,456.0","8,630.5","8,780.0","8,350.0","-","-2.02%"
"2019年11月14日","8,630.5","8,764.0","8,794.0","8,556.0","-","-1.52%"
"2019年11月13日","8,763.5","8,818.5","8,846.5","8,709.5","-","-0.62%"
"2019年11月12日","8,818.0","8,717.0","8,868.0","8,560.0","-","1.15%"
"2019年11月11日","8,717.5","9,038.5","9,075.0","8,590.0","-","-3.55%"
"2019年11月10日","9,038.0","8,805.5","9,151.0","8,757.0","-","2.63%"
"2019年11月09日","8,806.0","8,765.5","8,880.0","8,726.0","-","0.47%"
"2019年11月08日","8,765.0","9,213.0","9,254.0","8,670.5","-","-4.86%"
"2019年11月07日","9,212.5","9,347.5","9,377.5","9,080.0","-","-1.44%"
"2019年11月06日","9,347.0","9,316.5","9,460.0","9,252.5","-","0.32%"
"2019年11月05日","9,317.0","9,427.0","9,485.0","9,180.0","-","-1.16%"
"2019年11月04日","9,426.5","9,205.5","9,614.0","9,135.0","-","2.41%"
"2019年11月03日","9,205.0","9,314.0","9,389.5","9,066.5","-","-1.16%"
"2019年11月02日","9,313.5","9,255.0","9,408.5","9,212.5","-","0.63%"
"2019年11月01日","9,255.5","9,153.0","9,308.5","9,055.0","-","1.11%"
"2019年10月31日","9,153.5","9,165.0","9,440.0","8,950.0","-","-0.12%"
"2019年10月30日","9,164.5","9,438.5","9,438.5","8,992.0","-","-2.90%"
"2019年10月29日","9,438.0","9,226.0","9,565.5","9,073.0","-","2.30%"
"2019年10月28日","9,226.0","9,560.5","9,942.0","9,184.0","-","-3.45%"
"2019年10月27日","9,556.0","9,264.0","9,832.5","9,105.5","-","3.15%"
"2019年10月26日","9,264.5","8,668.0","10,560.0","8,645.0","-","6.89%"
"2019年10月25日","8,667.5","7,424.5","8,790.0","7,381.0","-","16.75%"
"2019年10月24日","7,424.0","7,467.5","7,504.0","7,355.0","-","-0.59%"
"2019年10月23日","7,468.0","8,019.5","8,044.5","7,300.0","-","-6.87%"
"2019年10月22日","8,019.0","8,205.0","8,312.5","7,987.5","-","-2.29%"
"2019年10月21日","8,207.0","8,237.5","8,355.5","8,155.5","-","-0.32%"
"2019年10月20日","8,233.0","7,960.5","8,315.0","7,867.0","-","3.43%"
"2019年10月19日","7,960.0","7,951.0","8,100.0","7,870.5","-","0.12%"
"2019年10月18日","7,950.5","8,070.5","8,112.0","7,802.5","-","-1.49%"
"2019年10月17日","8,070.5","7,995.5","8,122.0","7,937.5","-","0.94%"
"2019年10月16日","7,995.0","8,155.5","8,175.0","7,912.5","-","-1.97%"
"2019年10月15日","8,156.0","8,357.5","8,413.0","8,083.0","-","-2.42%"
"2019年10月14日","8,358.0","8,278.0","8,400.0","8,221.0","-","0.97%"
"2019年10月13日","8,277.5","8,304.5","8,466.0","8,150.5","-","-0.33%"
"2019年10月12日","8,305.0","8,266.0","8,399.5","8,253.5","-","0.47%"
"2019年10月11日","8,266.0","8,586.5","8,820.0","8,222.0","-","-3.73%"
"2019年10月10日","8,586.5","8,587.5","8,662.5","8,466.0","-","-0.02%"
"2019年10月09日","8,588.0","8,180.5","8,691.0","8,116.5","-","4.99%"
"2019年10月08日","8,180.0","8,208.5","8,332.5","8,101.0","-","-0.34%"
"2019年10月07日","8,208.0","7,861.5","8,307.5","7,765.0","-","4.41%"
"2019年10月06日","7,861.0","8,149.5","8,172.0","7,772.5","-","-3.50%"
"2019年10月05日","8,146.5","8,154.0","8,200.0","8,022.0","-","-0.10%"
"2019年10月04日","8,154.5","8,242.5","8,243.0","8,020.0","-","-1.04%"
"2019年10月03日","8,240.5","8,378.5","8,420.0","8,079.5","-","-1.64%"
"2019年10月02日","8,377.5","8,313.5","8,386.0","8,173.5","-","0.76%"
"2019年10月01日","8,314.0","8,300.5","8,523.5","8,200.0","-","0.17%"
"2019年09月30日","8,299.5","8,054.5","8,344.5","7,690.5","-","3.05%"
"2019年09月29日","8,054.0","8,207.5","8,238.5","7,902.5","-","-1.86%"
"2019年09月28日","8,207.0","8,189.0","8,397.5","8,015.0","-","0.23%"
"2019年09月27日","8,188.5","8,053.5","8,264.5","7,860.0","-","1.67%"
"2019年09月26日","8,054.0","8,434.5","8,463.5","7,737.5","-","-4.46%"
"2019年09月25日","8,430.0","8,533.5","8,748.0","8,215.5","-","-1.23%"
"2019年09月24日","8,535.0","9,686.0","9,779.5","8,020.0","-","-11.88%"
"2019年09月23日","9,686.0","10,025.5","10,049.5","9,603.5","-","-3.39%"
"2019年09月22日","10,026.0","9,975.0","10,099.0","9,841.0","-","0.51%"
"2019年09月21日","9,975.5","10,169.5","10,175.0","9,911.0","-","-1.97%"
"2019年09月20日","10,175.5","10,282.5","10,319.5","10,061.0","-","-1.05%"
"2019年09月19日","10,283.0","10,162.5","10,442.0","9,567.5","-","1.18%"
"2019年09月18日","10,163.0","10,185.0","10,262.5","10,080.5","-","-0.21%"
"2019年09月17日","10,184.5","10,267.5","10,284.0","10,141.0","-","-0.81%"
"2019年09月16日","10,268.0","10,314.5","10,384.0","10,070.5","-","-0.45%"
"2019年09月15日","10,314.0","10,364.5","10,387.0","10,260.0","-","-0.48%"
"2019年09月14日","10,364.0","10,372.5","10,447.5","10,228.0","-","-0.06%"
"2019年09月13日","10,370.0","10,433.5","10,458.5","10,162.0","-","-0.61%"
"2019年09月12日","10,434.0","10,166.5","10,469.5","10,040.0","-","2.64%"
"2019年09月11日","10,166.0","10,100.5","10,280.0","9,857.0","-","0.63%"
"2019年09月10日","10,102.5","10,317.5","10,394.0","9,899.0","-","-2.09%"
"2019年09月09日","10,318.0","10,402.0","10,560.0","10,090.0","-","-0.82%"
"2019年09月08日","10,403.5","10,492.0","10,599.0","10,260.0","-","-0.85%"
"2019年09月07日","10,492.5","10,311.0","10,576.0","10,308.0","-","1.77%"
"2019年09月06日","10,310.5","10,586.5","10,967.5","10,205.0","-","-2.60%"
"2019年09月05日","10,586.0","10,581.0","10,682.0","10,454.0","-","0.05%"
"2019年09月04日","10,580.5","10,630.0","10,875.5","10,382.0","-","-0.47%"
"2019年09月03日","10,630.0","10,390.5","10,780.0","10,300.0","-","2.30%"
"2019年09月02日","10,391.0","9,771.0","10,489.0","9,747.5","-","6.34%"
"2019年09月01日","9,771.5","9,603.0","9,843.0","9,532.5","-","1.76%"
"2019年08月31日","9,602.5","9,574.0","9,700.5","9,438.0","-","0.29%"
"2019年08月30日","9,574.5","9,491.0","9,688.0","9,350.0","-","0.87%"
"2019年08月29日","9,491.5","9,701.5","9,702.0","9,324.0","-","-2.17%"
"2019年08月28日","9,702.0","10,176.5","10,314.0","9,500.0","-","-4.66%"
"2019年08月27日","10,176.0","10,369.0","10,381.0","10,025.0","-","-1.86%"
"2019年08月26日","10,369.0","10,136.0","10,805.0","10,135.5","-","2.33%"
"2019年08月25日","10,133.0","10,136.5","10,369.0","9,881.0","-","-0.03%"
"2019年08月24日","10,136.0","10,401.5","10,423.5","9,853.5","-","-2.56%"
"2019年08月23日","10,402.0","10,104.5","10,463.0","10,042.0","-","2.89%"
"2019年08月22日","10,110.0","10,129.5","10,230.0","9,746.5","-","-0.19%"
"2019年08月21日","10,129.0","10,773.5","10,807.0","9,855.0","-","-5.99%"
"2019年08月20日","10,774.0","10,926.5","10,959.0","10,555.0","-","-1.38%"
"2019年08月19日","10,925.0","10,318.5","10,939.5","10,268.0","-","5.88%"
"2019年08月18日","10,318.0","10,204.5","10,516.0","10,061.5","-","1.12%"
"2019年08月17日","10,204.0","10,350.5","10,475.5","9,965.5","-","-1.41%"
"2019年08月16日","10,350.0","10,290.5","10,530.0","9,725.5","-","0.53%"
"2019年08月15日","10,295.0","10,025.0","10,438.0","9,475.5","-","2.70%"
"2019年08月14日","10,024.5","10,858.5","10,862.0","9,914.0","-","-7.68%"
"2019年08月13日","10,859.0","11,396.0","11,458.0","10,759.5","-","-4.71%"
"2019年08月12日","11,395.5","11,531.5","11,554.0","11,233.0","-","-1.18%"
"2019年08月11日","11,531.0","11,280.0","11,596.0","11,079.5","-","2.23%"
"2019年08月10日","11,280.0","11,881.5","12,000.0","11,127.5","-","-5.00%"
"2019年08月09日","11,874.0","12,020.0","12,070.0","11,654.5","-","-1.22%"
"2019年08月08日","12,020.5","11,987.5","12,122.0","11,446.0","-","0.28%"
"2019年08月07日","11,987.0","11,466.5","12,169.5","11,386.0","-","4.53%"
"2019年08月06日","11,467.0","11,814.5","12,339.5","11,221.0","-","-2.95%"
"2019年08月05日","11,815.0","10,982.5","11,970.5","10,982.5","-","7.59%"
"2019年08月04日","10,982.0","10,819.5","11,094.5","10,580.0","-","1.51%"
"2019年08月03日","10,819.0","10,528.5","10,925.0","10,514.0","-","2.76%"
"2019年08月02日","10,528.0","10,416.0","10,664.0","10,327.5","-","1.08%"
"2019年08月01日","10,415.5","10,088.5","10,494.5","9,885.0","-","3.24%"
"2019年07月31日","10,089.0","9,592.0","10,129.0","9,575.0","-","5.18%"
"2019年07月30日","9,592.5","9,502.5","9,850.0","9,375.5","-","0.95%"
"2019年07月29日","9,502.0","9,532.5","9,730.5","9,344.5","-","-0.30%"
"2019年07月28日","9,530.5","9,463.5","9,725.0","9,100.0","-","0.70%"
"2019年07月27日","9,464.0","9,846.0","10,300.0","9,268.5","-","-3.87%"
"2019年07月26日","9,845.5","9,872.0","9,900.0","9,610.0","-","-0.26%"
"2019年07月25日","9,871.5","9,775.0","10,185.0","9,740.0","-","1.01%"
"2019年07月24日","9,773.0","9,844.0","9,920.0","9,490.5","-","-0.72%"
"2019年07月23日","9,843.5","10,320.0","10,320.5","9,810.5","-","-4.62%"
"2019年07月22日","10,320.5","10,594.0","10,683.5","10,061.5","-","-2.56%"
"2019年07月21日","10,591.5","10,759.5","10,827.5","10,327.0","-","-1.57%"
"2019年07月20日","10,760.0","10,523.0","11,132.0","10,360.5","-","2.26%"
"2019年07月19日","10,522.5","10,646.5","10,774.0","10,102.5","-","-1.17%"
"2019年07月18日","10,647.0","9,695.5","10,787.5","9,275.0","-","9.84%"
"2019年07月17日","9,693.5","9,423.5","9,973.5","9,082.5","-","2.94%"
"2019年07月16日","9,417.0","10,857.0","11,036.0","9,355.0","-","-13.26%"
"2019年07月15日","10,857.0","10,185.5","11,069.0","9,851.0","-","6.58%"
"2019年07月14日","10,186.5","11,370.0","11,468.5","10,080.0","-","-10.41%"
"2019年07月13日","11,370.5","11,803.5","11,842.5","10,800.0","-","-3.67%"
"2019年07月12日","11,804.0","11,336.5","11,943.5","11,087.0","-","4.15%"
"2019年07月11日","11,333.5","12,094.5","12,094.5","10,956.0","-","-6.26%"
"2019年07月10日","12,090.0","12,563.5","13,255.5","11,536.5","-","-3.72%"
"2019年07月09日","12,557.5","12,288.0","12,840.0","12,126.0","-","2.18%"
"2019年07月08日","12,290.0","11,475.5","12,387.0","11,330.5","-","7.09%"
"2019年07月07日","11,476.0","11,234.0","11,650.0","11,075.0","-","2.14%"
"2019年07月06日","11,235.5","10,991.0","11,745.5","10,953.5","-","2.18%"
"2019年07月05日","10,996.0","11,143.0","11,439.0","10,755.0","-","-1.34%"
"2019年07月04日","11,145.0","11,983.5","12,065.0","11,044.5","-","-7.00%"
"2019年07月03日","11,984.0","10,840.5","12,028.5","10,840.0","-","10.55%"
"2019年07月02日","10,840.0","10,568.0","10,923.5","9,650.0","-","2.55%"
"2019年07月01日","10,570.5","10,761.5","11,214.5","9,961.5","-","-1.77%"
"2019年06月30日","10,761.0","11,869.5","12,223.0","10,661.0","-","-9.34%"
"2019年06月29日","11,870.0","12,374.5","12,393.0","11,350.5","-","-4.08%"
"2019年06月28日","12,375.0","11,156.5","12,465.0","10,744.0","-","10.91%"
"2019年06月27日","11,157.5","12,930.0","13,333.0","10,321.5","-","-13.71%"
"2019年06月26日","12,930.0","11,760.0","13,920.0","11,633.0","-","9.94%"
"2019年06月25日","11,760.5","11,046.0","11,797.0","10,998.0","-","6.48%"
"2019年06月24日","11,045.0","10,841.5","11,108.0","10,548.0","-","1.83%"
"2019年06月23日","10,847.0","10,692.5","11,286.5","10,481.0","-","1.45%"
"2019年06月22日","10,692.0","10,262.0","11,228.5","10,112.0","-","4.07%"
"2019年06月21日","10,274.0","9,532.5","10,287.5","9,532.5","-","7.78%"
"2019年06月20日","9,532.0","9,289.0","9,617.5","9,220.5","-","2.63%"
"2019年06月19日","9,287.5","9,086.0","9,329.5","9,045.0","-","2.22%"
"2019年06月18日","9,085.5","9,347.5","9,364.5","8,931.5","-","-2.81%"
"2019年06月17日","9,348.0","8,975.0","9,496.0","8,974.5","-","4.16%"
"2019年06月16日","8,974.5","8,859.5","9,435.0","8,794.0","-","1.29%"
"2019年06月15日","8,860.0","8,695.5","8,927.0","8,633.5","-","1.90%"
"2019年06月14日","8,695.0","8,234.5","8,741.0","8,178.5","-","5.60%"
"2019年06月13日","8,234.0","8,176.0","8,336.5","8,050.0","-","0.70%"
"2019年06月12日","8,176.5","7,917.0","8,268.5","7,817.0","-","3.27%"
"2019年06月11日","7,917.5","8,016.0","8,058.5","7,709.0","-","-1.23%"
"2019年06月10日","8,016.0","7,629.0","8,096.0","7,515.0","-","5.04%"
"2019年06月09日","7,631.5","7,926.0","7,958.0","7,500.0","-","-3.72%"
"2019年06月08日","7,926.5","7,996.5","8,055.5","7,787.0","-","-0.90%"
"2019年06月07日","7,998.5","7,804.5","8,130.0","7,764.5","-","2.48%"
"2019年06月06日","7,805.0","7,783.0","7,878.0","7,450.0","-","0.29%"
"2019年06月05日","7,782.5","7,663.0","7,926.0","7,585.0","-","1.56%"
"2019年06月04日","7,663.0","8,100.5","8,100.5","7,438.0","-","-5.40%"
"2019年06月03日","8,100.0","8,737.5","8,744.5","8,030.0","-","-7.30%"
"2019年06月02日","8,738.0","8,555.0","8,852.5","8,549.0","-","2.13%"
"2019年06月01日","8,555.5","8,546.0","8,636.0","8,456.0","-","0.06%"
"2019年05月31日","8,550.0","8,274.0","8,579.0","8,119.0","-","3.33%"
"2019年05月30日","8,274.5","8,665.0","9,099.0","7,944.5","-","-4.51%"
"2019年05月29日","8,665.5","8,721.5","8,775.0","8,442.5","-","-0.64%"
"2019年05月28日","8,721.0","8,779.5","8,823.5","8,563.0","-","-0.67%"
"2019年05月27日","8,780.0","8,749.5","8,964.0","8,660.0","-","0.34%"
"2019年05月26日","8,750.0","8,067.5","8,870.0","7,883.5","-","8.47%"
"2019年05月25日","8,067.0","7,997.5","8,173.0","7,938.5","-","0.88%"
"2019年05月24日","7,997.0","7,875.5","8,194.0","7,801.5","-","1.55%"
"2019年05月23日","7,875.0","7,624.0","7,982.0","7,460.0","-","3.29%"
"2019年05月22日","7,624.5","7,958.5","8,057.0","7,500.0","-","-4.20%"
"2019年05月21日","7,959.0","8,009.5","8,126.5","7,808.0","-","-0.63%"
"2019年05月20日","8,009.5","8,206.5","8,206.5","7,580.0","-","-2.40%"
"2019年05月19日","8,206.5","7,258.0","8,320.0","7,245.5","-","13.06%"
"2019年05月18日","7,258.5","7,352.5","7,489.0","7,202.0","-","-1.27%"
"2019年05月17日","7,352.0","7,884.5","7,940.0","6,380.0","-","-6.75%"
"2019年05月16日","7,884.5","8,203.5","8,400.0","7,650.0","-","-3.96%"
"2019年05月15日","8,209.5","7,997.5","8,325.0","7,856.0","-","2.65%"
"2019年05月14日","7,997.5","7,827.0","8,339.0","7,627.0","-","2.18%"
"2019年05月13日","7,827.0","6,972.5","8,177.0","6,863.5","-","12.21%"
"2019年05月12日","6,975.5","7,218.0","7,585.0","6,781.5","-","-3.40%"
"2019年05月11日","7,221.0","6,341.5","7,459.0","6,341.5","-","13.87%"
"2019年05月10日","6,341.5","6,142.0","6,424.0","6,103.5","-","3.28%"
"2019年05月09日","6,140.0","5,939.0","6,163.5","5,930.0","-","3.39%"
"2019年05月08日","5,938.5","5,738.0","6,000.0","5,645.0","-","3.49%"
"2019年05月07日","5,738.0","5,684.5","5,975.0","5,684.5","-","0.93%"
"2019年05月06日","5,685.0","5,715.5","5,753.0","5,557.5","-","-0.53%"
"2019年05月05日","5,715.5","5,769.0","5,783.0","5,608.0","-","-0.93%"
"2019年05月04日","5,769.0","5,657.5","5,850.0","5,505.0","-","1.97%"
"2019年05月03日","5,657.5","5,385.5","5,800.0","5,356.0","-","5.06%"
"2019年05月02日","5,385.0","5,317.0","5,418.5","5,305.5","-","1.29%"
"2019年05月01日","5,316.5","5,263.5","5,350.0","5,255.5","-","1.00%"
"2019年04月30日","5,264.0","5,140.5","5,294.0","5,124.5","-","2.39%"
"2019年04月29日","5,141.0","5,153.0","5,190.0","5,060.5","-","-0.24%"
"2019年04月28日","5,153.5","5,161.5","5,212.5","5,090.0","-","-0.15%"
"2019年04月27日","5,161.0","5,149.5","5,220.0","5,103.0","-","0.21%"
"2019年04月26日","5,150.0","5,119.5","5,272.0","5,042.0","-","0.60%"
"2019年04月25日","5,119.5","5,440.5","5,503.5","4,960.0","-","-5.89%"
"2019年04月24日","5,440.0","5,530.0","5,622.0","5,360.0","-","-1.62%"
"2019年04月23日","5,529.5","5,382.5","5,650.0","5,365.0","-","2.72%"
"2019年04月22日","5,383.0","5,296.0","5,439.5","5,256.0","-","1.65%"
"2019年04月21日","5,295.5","5,319.5","5,348.0","5,205.0","-","-0.46%"
"2019年04月20日","5,320.0","5,287.0","5,358.5","5,251.0","-","0.61%"
"2019年04月19日","5,287.5","5,278.0","5,390.0","5,155.0","-","0.17%"
"2019年04月18日","5,278.5","5,227.5","5,318.0","5,222.0","-","0.99%"
"2019年04月17日","5,227.0","5,202.5","5,291.0","5,150.5","-","0.47%"
"2019年04月16日","5,202.5","5,024.0","5,324.0","5,013.0","-","3.55%"
"2019年04月15日","5,024.0","5,159.5","5,190.5","4,943.5","-","-2.64%"
"2019年04月14日","5,160.0","5,066.5","5,183.5","5,010.0","-","1.86%"
"2019年04月13日","5,066.0","5,075.5","5,117.0","5,028.0","-","-0.20%"
"2019年04月12日","5,076.0","5,038.5","5,132.0","4,925.0","-","0.64%"
"2019年04月11日","5,043.5","5,321.0","5,342.5","4,961.5","-","-5.22%"
"2019年04月10日","5,321.5","5,184.0","5,471.0","5,109.0","-","2.66%"
"2019年04月09日","5,183.5","5,280.5","5,284.0","5,140.5","-","-1.93%"
"2019年04月08日","5,285.5","5,192.5","5,341.0","5,133.5","-","1.80%"
"2019年04月07日","5,192.0","5,043.0","5,280.0","5,028.0","-","2.95%"
"2019年04月06日","5,043.0","5,041.0","5,242.0","4,890.5","-","0.06%"
"2019年04月05日","5,040.0","4,909.5","5,071.0","4,885.0","-","2.65%"
"2019年04月04日","4,910.0","4,979.0","5,085.0","4,780.0","-","-1.38%"
"2019年04月03日","4,978.5","4,898.0","5,347.5","4,785.0","-","1.65%"
"2019年04月02日","4,897.5","4,132.0","5,144.5","4,128.5","-","18.51%"
"2019年04月01日","4,132.5","4,091.5","4,144.5","4,036.5","-","1.01%"
"2019年03月31日","4,091.0","4,090.0","4,098.0","4,074.0","-","0.07%"
"2019年03月30日","4,088.0","4,085.5","4,128.5","4,021.0","-","0.05%"
"2019年03月29日","4,086.0","4,009.5","4,097.5","4,002.0","-","1.92%"
"2019年03月28日","4,009.0","4,026.0","4,026.0","3,991.0","-","-0.41%"
"2019年03月27日","4,025.5","3,916.0","4,041.0","3,910.0","-","2.81%"
"2019年03月26日","3,915.5","3,903.5","3,920.0","3,881.5","-","0.31%"
"2019年03月25日","3,903.5","3,966.0","3,972.5","3,859.5","-","-1.59%"
"2019年03月24日","3,966.5","3,977.5","3,977.5","3,937.0","-","-0.33%"
"2019年03月23日","3,979.5","3,979.0","3,999.0","3,952.0","-","-0.04%"
"2019年03月22日","3,981.0","3,969.5","3,999.0","3,958.0","-","0.30%"
"2019年03月21日","3,969.0","4,030.0","4,067.0","3,915.0","-","-1.50%"
"2019年03月20日","4,029.5","3,996.5","4,048.0","3,955.0","-","0.81%"
"2019年03月19日","3,997.0","3,968.5","4,012.0","3,945.0","-","0.71%"
"2019年03月18日","3,969.0","3,961.5","4,014.5","3,928.0","-","0.18%"
"2019年03月17日","3,962.0","3,987.0","3,987.5","3,926.0","-","-0.60%"
"2019年03月16日","3,986.0","3,897.5","4,038.0","3,896.0","-","2.28%"
"2019年03月15日","3,897.0","3,855.0","3,903.5","3,840.5","-","1.10%"
"2019年03月14日","3,854.5","3,848.5","3,905.0","3,750.0","-","0.13%"
"2019年03月13日","3,849.5","3,857.0","3,872.5","3,825.0","-","-0.21%"
"2019年03月12日","3,857.5","3,845.5","3,874.0","3,794.0","-","0.33%"
"2019年03月11日","3,845.0","3,898.0","3,912.5","3,807.0","-","-1.35%"
"2019年03月10日","3,897.5","3,915.5","3,915.5","3,860.0","-","-0.47%"
"2019年03月09日","3,916.0","3,840.0","3,943.0","3,831.5","-","1.99%"
"2019年03月08日","3,839.5","3,854.5","3,913.5","3,742.5","-","-0.38%"
"2019年03月07日","3,854.0","3,848.5","3,889.0","3,828.0","-","0.13%"
"2019年03月06日","3,849.0","3,846.0","3,900.0","3,810.5","-","0.06%"
"2019年03月05日","3,846.5","3,699.0","3,880.0","3,691.0","-","4.00%"
"2019年03月04日","3,698.5","3,785.0","3,804.5","3,670.0","-","-2.30%"
"2019年03月03日","3,785.5","3,808.5","3,816.5","3,757.0","-","-0.59%"
"2019年03月02日","3,808.0","3,802.0","3,819.0","3,754.5","-","0.14%"
"2019年03月01日","3,802.5","3,788.5","3,839.0","3,785.0","-","0.38%"
"2019年02月28日","3,788.0","3,798.0","3,894.5","3,741.0","-","-0.28%"
"2019年02月27日","3,798.5","3,797.0","3,821.0","3,640.0","-","0.05%"
"2019年02月26日","3,796.5","3,817.5","3,826.0","3,750.0","-","-0.56%"
"2019年02月25日","3,818.0","3,733.5","3,854.5","3,730.0","-","2.26%"
"2019年02月24日","3,733.5","4,111.0","4,189.5","3,702.0","-","-9.19%"
"2019年02月23日","4,111.5","3,938.0","4,157.5","3,907.0","-","4.39%"
"2019年02月22日","3,938.5","3,897.0","3,957.0","3,886.5","-","1.05%"
"2019年02月21日","3,897.5","3,938.5","3,995.0","3,863.0","-","-1.05%"
"2019年02月20日","3,939.0","3,888.0","3,958.0","3,868.5","-","1.31%"
"2019年02月19日","3,888.0","3,867.0","3,972.0","3,840.5","-","0.53%"
"2019年02月18日","3,867.5","3,623.0","3,918.0","3,615.0","-","6.73%"
"2019年02月17日","3,623.5","3,579.5","3,680.0","3,553.0","-","1.22%"
"2019年02月16日","3,580.0","3,564.5","3,609.5","3,564.0","-","0.42%"
"2019年02月15日","3,565.0","3,560.5","3,614.5","3,536.5","-","0.14%"
"2019年02月14日","3,560.0","3,576.5","3,590.0","3,533.0","-","-0.48%"
"2019年02月13日","3,577.0","3,587.5","3,632.0","3,562.5","-","-0.31%"
"2019年02月12日","3,588.0","3,590.5","3,618.0","3,550.0","-","-0.08%"
"2019年02月11日","3,591.0","3,648.0","3,652.5","3,575.5","-","-1.56%"
"2019年02月10日","3,648.0","3,626.5","3,658.5","3,575.0","-","0.61%"
"2019年02月09日","3,626.0","3,625.5","3,642.5","3,596.0","-","0.01%"
"2019年02月08日","3,625.5","3,357.5","3,728.0","3,341.0","-","8.00%"
"2019年02月07日","3,357.0","3,365.5","3,378.5","3,350.5","-","-0.25%"
"2019年02月06日","3,365.5","3,428.5","3,445.5","3,330.0","-","-1.84%"
"2019年02月05日","3,428.5","3,405.5","3,429.5","3,396.0","-","0.59%"
"2019年02月04日","3,408.5","3,414.0","3,435.0","3,394.0","-","-0.15%"
"2019年02月03日","3,413.5","3,464.0","3,470.5","3,382.5","-","-1.47%"
"2019年02月02日","3,464.5","3,436.0","3,484.5","3,414.0","-","0.84%"
"2019年02月01日","3,435.5","3,413.5","3,460.0","3,375.5","-","0.64%"
"2019年01月31日","3,413.5","3,434.5","3,471.5","3,392.5","-","-0.60%"
"2019年01月30日","3,434.0","3,391.5","3,460.0","3,372.5","-","1.27%"
"2019年01月29日","3,391.0","3,428.5","3,435.5","3,343.0","-","-1.08%"
"2019年01月28日","3,428.0","3,527.5","3,530.0","3,370.0","-","-2.83%"
"2019年01月27日","3,528.0","3,555.0","3,558.5","3,464.0","-","-0.75%"
"2019年01月26日","3,554.5","3,560.0","3,672.0","3,531.0","-","-0.17%"
"2019年01月25日","3,560.5","3,567.5","3,577.0","3,501.5","-","-0.21%"
"2019年01月24日","3,568.0","3,550.5","3,589.0","3,526.5","-","0.48%"
"2019年01月23日","3,551.0","3,576.5","3,617.0","3,522.0","-","-0.75%"
"2019年01月22日","3,578.0","3,529.0","3,608.5","3,405.0","-","1.37%"
"2019年01月21日","3,529.5","3,535.0","3,575.0","3,475.0","-","-0.16%"
"2019年01月20日","3,535.0","3,681.5","3,700.0","3,450.0","-","-3.97%"
"2019年01月19日","3,681.0","3,609.5","3,784.0","3,605.0","-","2.08%"
"2019年01月18日","3,606.0","3,637.0","3,639.5","3,571.5","-","-0.87%"
"2019年01月17日","3,637.5","3,607.5","3,660.0","3,540.0","-","0.83%"
"2019年01月16日","3,607.5","3,575.0","3,664.0","3,569.0","-","0.91%"
"2019年01月15日","3,575.0","3,663.5","3,684.0","3,535.0","-","-2.40%"
"2019年01月14日","3,663.0","3,514.0","3,717.5","3,506.5","-","4.26%"
"2019年01月13日","3,513.5","3,613.5","3,638.0","3,479.0","-","-2.75%"
"2019年01月12日","3,613.0","3,632.0","3,652.0","3,555.0","-","-0.51%"
"2019年01月11日","3,631.5","3,622.0","3,698.0","3,564.0","-","0.35%"
"2019年01月10日","3,619.0","4,001.0","4,035.0","3,537.0","-","-9.56%"
"2019年01月09日","4,001.5","3,995.0","4,044.0","3,960.0","-","0.15%"
"2019年01月08日","3,995.5","4,005.0","4,129.0","3,939.0","-","-0.25%"
"2019年01月07日","4,005.5","4,038.5","4,074.0","3,970.0","-","-0.83%"
"2019年01月06日","4,039.0","3,794.5","4,082.0","3,750.0","-","6.43%"
"2019年01月05日","3,795.0","3,817.0","3,879.0","3,767.0","-","-0.56%"
"2019年01月04日","3,816.5","3,784.0","3,850.0","3,721.5","-","0.87%"
"2019年01月03日","3,783.5","3,888.0","3,891.0","3,750.0","-","-2.68%"
"2019年01月02日","3,887.5","3,824.0","3,918.0","3,762.5","-","1.65%"
"2019年01月01日","3,824.5","3,693.0","3,864.5","3,631.0","-","3.55%"
"2018年12月31日","3,693.5","3,831.0","3,838.5","3,615.0","-","-3.58%"
"2018年12月30日","3,830.5","3,711.5","3,898.0","3,674.5","-","3.23%"
"2018年12月29日","3,710.5","3,890.0","3,942.0","3,675.0","-","-4.60%"
"2018年12月28日","3,889.5","3,587.5","3,956.0","3,569.0","-","8.40%"
"2018年12月27日","3,588.0","3,806.0","3,842.0","3,565.0","-","-5.74%"
"2018年12月26日","3,806.5","3,777.0","3,867.0","3,686.5","-","0.77%"
"2018年12月25日","3,777.5","4,034.0","4,043.0","3,671.0","-","-6.35%"
"2018年12月24日","4,033.5","3,943.5","4,241.0","3,943.5","-","2.27%"
"2018年12月23日","3,944.0","3,978.0","4,052.5","3,903.5","-","-0.93%"
"2018年12月22日","3,981.0","3,841.0","4,007.0","3,785.0","-","3.63%"
"2018年12月21日","3,841.5","4,069.0","4,166.5","3,771.5","-","-5.63%"
"2018年12月20日","4,070.5","3,680.0","4,172.5","3,654.5","-","10.63%"
"2018年12月19日","3,679.5","3,665.0","3,916.0","3,641.0","-","0.40%"
"2018年12月18日","3,665.0","3,496.0","3,689.0","3,435.0","-","4.85%"
"2018年12月17日","3,495.5","3,189.5","3,589.5","3,178.5","-","9.59%"
"2018年12月16日","3,189.5","3,183.5","3,257.5","3,177.0","-","0.20%"
"2018年12月15日","3,183.0","3,193.5","3,226.0","3,123.0","-","-0.31%"
"2018年12月14日","3,193.0","3,257.5","3,300.0","3,134.5","-","-1.96%"
"2018年12月13日","3,257.0","3,432.0","3,439.0","3,218.0","-","-5.09%"
"2018年12月12日","3,431.5","3,340.0","3,492.0","3,334.0","-","2.59%"
"2018年12月11日","3,345.0","3,405.5","3,422.0","3,282.0","-","-1.79%"
"2018年12月10日","3,406.0","3,526.5","3,596.0","3,350.0","-","-3.42%"
"2018年12月09日","3,526.5","3,397.0","3,630.0","3,372.0","-","3.80%"
"2018年12月08日","3,397.5","3,369.0","3,497.5","3,246.0","-","0.83%"
"2018年12月07日","3,369.5","3,430.5","3,540.0","3,201.0","-","-1.76%"
"2018年12月06日","3,430.0","3,695.5","3,843.0","3,400.0","-","-7.16%"
"2018年12月05日","3,694.5","3,902.0","3,917.0","3,655.5","-","-5.33%"
"2018年12月04日","3,902.5","3,829.0","4,042.0","3,735.5","-","1.91%"
"2018年12月03日","3,829.5","4,094.5","4,118.5","3,730.0","-","-6.55%"
"2018年12月02日","4,098.0","4,136.5","4,270.0","4,025.0","-","-0.92%"
"2018年12月01日","4,136.0","3,972.0","4,266.0","3,903.5","-","4.12%"
"2018年11月30日","3,972.5","4,244.0","4,299.0","3,861.0","-","-6.35%"
"2018年11月29日","4,242.0","4,219.0","4,420.0","4,085.0","-","0.55%"
"2018年11月28日","4,219.0","3,773.0","4,355.0","3,772.5","-","11.94%"
"2018年11月27日","3,769.0","3,724.0","3,830.0","3,564.0","-","1.19%"
"2018年11月26日","3,724.5","3,931.0","4,075.5","3,503.5","-","-5.25%"
"2018年11月25日","3,931.0","3,768.5","4,115.5","3,439.0","-","4.30%"
"2018年11月24日","3,769.0","4,283.5","4,376.0","3,627.0","-","-12.00%"
"2018年11月23日","4,283.0","4,266.5","4,367.5","4,068.0","-","0.39%"
"2018年11月22日","4,266.5","4,536.0","4,589.0","4,235.5","-","-5.91%"
"2018年11月21日","4,534.5","4,348.5","4,650.0","4,229.0","-","4.25%"
"2018年11月20日","4,349.5","4,738.5","4,890.0","4,028.5","-","-8.15%"
"2018年11月19日","4,735.5","5,556.5","5,557.0","4,665.0","-","-14.77%"
"2018年11月18日","5,556.0","5,502.0","5,674.5","5,501.5","-","0.99%"
"2018年11月17日","5,501.5","5,510.5","5,557.0","5,450.5","-","-0.17%"
"2018年11月16日","5,511.0","5,581.0","5,619.0","5,406.0","-","-1.25%"
"2018年11月15日","5,581.0","5,586.0","5,639.0","5,185.5","-","-0.33%"
"2018年11月14日","5,599.5","6,249.5","6,295.5","5,233.0","-","-10.39%"
"2018年11月13日","6,249.0","6,337.5","6,338.0","6,235.0","-","-1.40%"
"2018年11月12日","6,338.0","6,361.0","6,404.0","6,306.0","-","-0.35%"
"2018年11月11日","6,360.5","6,353.5","6,379.0","6,260.0","-","0.12%"
"2018年11月10日","6,353.0","6,338.0","6,379.0","6,334.5","-","0.23%"
"2018年11月09日","6,338.5","6,413.5","6,420.5","6,310.0","-","-1.18%"
"2018年11月08日","6,414.0","6,510.0","6,524.0","6,373.0","-","-1.48%"
"2018年11月07日","6,510.5","6,450.0","6,567.0","6,434.5","-","0.93%"
"2018年11月06日","6,450.5","6,404.5","6,460.0","6,387.0","-","0.73%"
"2018年11月05日","6,404.0","6,427.0","6,445.5","6,380.0","-","-0.37%"
"2018年11月04日","6,427.5","6,333.0","6,470.0","6,322.5","-","1.50%"
"2018年11月03日","6,332.5","6,345.5","6,348.5","6,316.5","-","-0.21%"
"2018年11月02日","6,346.0","6,336.5","6,386.5","6,328.0","-","0.14%"
"2018年11月01日","6,337.0","6,307.5","6,370.0","6,302.0","-","0.48%"
"2018年10月31日","6,307.0","6,271.5","6,345.0","6,210.0","-","0.56%"
"2018年10月30日","6,272.0","6,266.0","6,293.5","6,255.0","-","0.09%"
"2018年10月29日","6,266.5","6,408.5","6,415.5","6,210.0","-","-2.21%"
"2018年10月28日","6,408.0","6,406.5","6,449.0","6,382.5","-","0.02%"
"2018年10月27日","6,407.0","6,406.0","6,419.0","6,395.5","-","0.01%"
"2018年10月26日","6,406.5","6,393.0","6,468.0","6,386.5","-","0.20%"
"2018年10月25日","6,393.5","6,412.0","6,419.0","6,368.5","-","-0.30%"
"2018年10月24日","6,412.5","6,394.5","6,490.0","6,394.5","-","0.27%"
"2018年10月23日","6,395.0","6,412.0","6,415.5","6,360.0","-","-0.27%"
"2018年10月22日","6,412.5","6,413.5","6,426.0","6,370.0","-","-0.01%"
"2018年10月21日","6,413.0","6,408.0","6,465.0","6,405.5","-","0.09%"
"2018年10月20日","6,407.5","6,384.0","6,425.0","6,367.0","-","0.36%"
"2018年10月19日","6,384.5","6,394.0","6,405.0","6,366.0","-","-0.16%"
"2018年10月18日","6,394.5","6,438.0","6,487.5","6,350.0","-","-0.68%"
"2018年10月17日","6,438.5","6,456.0","6,458.0","6,409.0","-","-0.26%"
"2018年10月16日","6,455.5","6,436.0","6,497.0","6,384.0","-","0.30%"
"2018年10月15日","6,436.5","6,181.0","6,818.0","6,147.0","-","4.13%"
"2018年10月14日","6,181.5","6,193.0","6,300.0","6,142.0","-","-0.19%"
"2018年10月13日","6,193.5","6,180.5","6,212.5","6,166.0","-","0.18%"
"2018年10月12日","6,182.5","6,154.5","6,233.5","6,100.0","-","0.46%"
"2018年10月11日","6,154.0","6,530.5","6,530.5","6,005.0","-","-5.76%"
"2018年10月10日","6,530.0","6,591.5","6,591.5","6,453.0","-","-0.93%"
"2018年10月09日","6,591.0","6,608.0","6,614.5","6,563.0","-","-0.25%"
"2018年10月08日","6,607.5","6,570.5","6,668.0","6,550.5","-","0.56%"
"2018年10月07日","6,571.0","6,551.5","6,599.0","6,490.0","-","0.29%"
"2018年10月06日","6,552.0","6,582.5","6,592.5","6,531.5","-","-0.46%"
"2018年10月05日","6,582.0","6,553.0","6,656.5","6,522.0","-","0.44%"
"2018年10月04日","6,553.0","6,464.5","6,620.0","6,459.0","-","1.36%"
"2018年10月03日","6,465.0","6,503.0","6,509.5","6,394.5","-","-0.58%"
"2018年10月02日","6,502.5","6,571.5","6,590.0","6,444.5","-","-1.04%"
"2018年10月01日","6,571.0","6,599.0","6,636.0","6,466.5","-","-0.42%"
"2018年09月30日","6,598.5","6,582.0","6,641.5","6,515.0","-","0.26%"
"2018年09月29日","6,581.5","6,620.5","6,620.5","6,440.0","-","-0.58%"
"2018年09月28日","6,620.0","6,686.0","6,789.0","6,521.5","-","-0.98%"
"2018年09月27日","6,685.5","6,452.5","6,749.0","6,435.0","-","3.62%"
"2018年09月26日","6,452.0","6,429.0","6,540.0","6,377.0","-","0.37%"
"2018年09月25日","6,428.5","6,578.5","6,578.5","6,317.0","-","-2.27%"
"2018年09月24日","6,578.0","6,703.5","6,720.0","6,555.0","-","-1.86%"
"2018年09月23日","6,703.0","6,709.5","6,778.5","6,653.0","-","-0.09%"
"2018年09月22日","6,709.0","6,747.0","6,827.0","6,632.5","-","-0.56%"
"2018年09月21日","6,746.5","6,482.5","6,778.0","6,482.0","-","4.08%"
"2018年09月20日","6,482.0","6,385.0","6,520.0","6,339.0","-","1.53%"
"2018年09月19日","6,384.5","6,328.5","6,578.0","6,067.0","-","0.88%"
"2018年09月18日","6,328.5","6,247.5","6,380.0","6,226.5","-","1.30%"
"2018年09月17日","6,247.0","6,493.0","6,528.5","6,201.0","-","-3.79%"
"2018年09月16日","6,493.0","6,516.0","6,516.5","6,330.5","-","-0.35%"
"2018年09月15日","6,515.5","6,478.0","6,568.0","6,463.5","-","0.59%"
"2018年09月14日","6,477.5","6,487.5","6,585.0","6,351.0","-","-0.18%"
"2018年09月13日","6,489.0","6,321.5","6,530.0","6,321.5","-","2.64%"
"2018年09月12日","6,322.0","6,278.0","6,341.5","6,183.0","-","0.69%"
"2018年09月11日","6,278.5","6,300.0","6,434.5","6,141.0","-","-0.33%"
"2018年09月10日","6,299.5","6,240.0","6,380.0","6,226.5","-","0.95%"
"2018年09月09日","6,240.0","6,180.0","6,480.0","6,140.0","-","0.96%"
"2018年09月08日","6,180.5","6,397.5","6,468.0","6,100.0","-","-3.40%"
"2018年09月07日","6,398.0","6,487.5","6,523.0","6,323.5","-","-1.37%"
"2018年09月06日","6,487.0","6,689.0","6,709.0","6,200.0","-","-3.01%"
"2018年09月05日","6,688.5","7,354.5","7,387.0","6,633.5","-","-9.06%"
"2018年09月04日","7,355.0","7,260.0","7,439.0","7,235.5","-","1.32%"
"2018年09月03日","7,259.5","7,295.0","7,348.0","7,185.0","-","-0.49%"
"2018年09月02日","7,295.5","7,196.0","7,348.0","7,138.0","-","1.38%"
"2018年09月01日","7,196.5","7,016.5","7,298.0","7,016.0","-","2.56%"
"2018年08月31日","7,017.0","6,977.5","7,087.0","6,880.0","-","0.57%"
"2018年08月30日","6,977.0","7,032.5","7,055.5","6,783.0","-","-0.80%"
"2018年08月29日","7,033.0","7,076.5","7,120.0","6,871.0","-","-0.61%"
"2018年08月28日","7,076.5","6,906.0","7,133.0","6,862.5","-","2.47%"
"2018年08月27日","6,906.0","6,701.5","6,970.0","6,646.5","-","3.04%"
"2018年08月26日","6,702.0","6,727.0","6,779.5","6,570.5","-","-0.38%"
"2018年08月25日","6,727.5","6,685.5","6,796.0","6,665.5","-","0.64%"
"2018年08月24日","6,685.0","6,521.5","6,733.5","6,437.0","-","2.51%"
"2018年08月23日","6,521.0","6,351.5","6,577.5","6,339.0","-","2.66%"
"2018年08月22日","6,352.0","6,467.5","6,815.0","6,232.0","-","-1.78%"
"2018年08月21日","6,467.0","6,253.5","6,502.5","6,232.5","-","3.42%"
"2018年08月20日","6,253.0","6,487.5","6,523.0","6,212.0","-","-3.61%"
"2018年08月19日","6,487.0","6,394.5","6,555.0","6,305.5","-","1.45%"
"2018年08月18日","6,394.0","6,578.5","6,617.0","6,286.0","-","-2.81%"
"2018年08月17日","6,579.0","6,306.0","6,588.0","6,285.0","-","4.34%"
"2018年08月16日","6,305.5","6,267.0","6,482.5","6,206.0","-","0.62%"
"2018年08月15日","6,266.5","6,193.5","6,639.5","6,182.0","-","1.19%"
"2018年08月14日","6,193.0","6,245.0","6,250.0","5,864.5","-","-0.84%"
"2018年08月13日","6,245.5","6,309.0","6,547.5","6,135.0","-","-1.00%"
"2018年08月12日","6,308.5","6,240.5","6,499.0","6,166.0","-","1.09%"
"2018年08月11日","6,240.5","6,137.5","6,498.0","5,975.5","-","1.67%"
"2018年08月10日","6,138.0","6,536.0","6,578.5","5,971.0","-","-6.09%"
"2018年08月09日","6,536.0","6,274.0","6,640.0","6,183.0","-","4.18%"
"2018年08月08日","6,273.5","6,712.0","6,712.0","6,100.0","-","-6.53%"
"2018年08月07日","6,711.5","6,931.5","7,143.5","6,652.0","-","-3.17%"
"2018年08月06日","6,931.5","7,019.5","7,180.0","6,836.0","-","-1.26%"
"2018年08月05日","7,020.0","7,005.5","7,093.5","6,871.0","-","0.16%"
"2018年08月04日","7,008.5","7,410.5","7,487.0","6,923.5","-","-5.43%"
"2018年08月03日","7,411.0","7,539.5","7,540.0","7,292.5","-","-1.71%"
"2018年08月02日","7,540.0","7,604.0","7,715.0","7,456.5","-","-0.85%"
"2018年08月01日","7,604.5","7,727.0","7,757.5","7,430.0","-","-1.59%"
"2018年07月31日","7,727.0","8,172.0","8,173.5","7,627.0","-","-5.47%"
"2018年07月30日","8,174.5","8,219.0","8,281.5","7,842.5","-","-0.54%"
"2018年07月29日","8,218.5","8,230.0","8,302.5","8,122.0","-","-0.14%"
"2018年07月28日","8,230.0","8,188.5","8,249.5","8,075.0","-","0.50%"
"2018年07月27日","8,189.0","7,922.0","8,280.0","7,791.5","-","3.38%"
"2018年07月26日","7,921.5","8,177.5","8,305.0","7,850.0","-","-3.12%"
"2018年07月25日","8,177.0","8,391.5","8,487.0","8,056.5","-","-2.55%"
"2018年07月24日","8,391.0","7,719.5","8,477.5","7,694.5","-","8.69%"
"2018年07月23日","7,720.0","7,391.0","7,797.5","7,376.0","-","4.44%"
"2018年07月22日","7,391.5","7,401.5","7,590.0","7,324.0","-","-0.13%"
"2018年07月21日","7,401.0","7,333.0","7,446.0","7,209.5","-","0.92%"
"2018年07月20日","7,333.5","7,467.0","7,703.5","7,275.0","-","-1.78%"
"2018年07月19日","7,466.5","7,384.0","7,576.0","7,284.0","-","1.12%"
"2018年07月18日","7,384.0","7,318.5","7,600.0","7,231.0","-","0.90%"
"2018年07月17日","7,318.0","6,719.5","7,436.5","6,659.5","-","8.90%"
"2018年07月16日","6,720.0","6,348.0","6,738.0","6,338.0","-","5.87%"
"2018年07月15日","6,347.5","6,246.0","6,385.0","6,231.0","-","1.63%"
"2018年07月14日","6,245.5","6,212.5","6,319.0","6,181.5","-","0.52%"
"2018年07月13日","6,213.0","6,246.5","6,345.0","6,125.0","-","-0.53%"
"2018年07月12日","6,246.0","6,370.5","6,371.0","6,070.0","-","-1.96%"
"2018年07月11日","6,371.0","6,303.5","6,399.5","6,278.0","-","1.06%"
"2018年07月10日","6,304.0","6,667.5","6,678.0","6,260.0","-","-5.46%"
"2018年07月09日","6,668.0","6,701.5","6,838.5","6,630.0","-","-0.49%"
"2018年07月08日","6,701.0","6,756.5","6,774.5","6,670.5","-","-0.84%"
"2018年07月07日","6,757.5","6,599.0","6,860.0","6,503.0","-","2.39%"
"2018年07月06日","6,599.5","6,527.0","6,644.5","6,453.0","-","1.12%"
"2018年07月05日","6,526.5","6,582.0","6,729.0","6,442.0","-","-0.84%"
"2018年07月04日","6,581.5","6,505.5","6,815.0","6,412.0","-","1.18%"
"2018年07月03日","6,504.5","6,610.5","6,663.5","6,463.5","-","-1.60%"
"2018年07月02日","6,610.0","6,345.5","6,674.0","6,269.0","-","4.16%"
"2018年07月01日","6,346.0","6,383.5","6,432.0","6,255.0","-","-0.60%"
"2018年06月30日","6,384.0","6,205.5","6,555.0","6,190.0","-","2.87%"
"2018年06月29日","6,206.0","5,844.0","6,326.0","5,780.0","-","6.19%"
"2018年06月28日","5,844.0","6,129.5","6,154.0","5,821.0","-","-4.65%"